Profesi,Label,bahasa indonesia,biologi,kimia,fisika,geografi,sosiologi,ekonomi,sejarah,pendidikan kewarganegaraan,kewirausahaan,seni budaya,teknologi informasi dan komunikasi,bahasa inggris,pendidikan agama islam,pendidikan jasmani
sejarahwan,1,86,62,67,69,79,77,74,90,55,53,70,59,80,59,51
sejarahwan,1,82,56,79,62,80,85,80,87,77,55,53,74,67,66,82
sejarahwan,1,93,71,77,75,77,74,66,90,59,66,74,72,51,71,66
sejarahwan,1,93,58,80,64,65,80,68,84,71,78,55,61,80,70,80
sejarahwan,1,88,63,51,56,57,77,66,94,70,72,73,61,73,61,78
sejarahwan,1,89,62,59,75,79,63,71,95,63,82,68,51,54,51,75
sejarahwan,1,81,68,51,53,80,78,62,84,74,65,74,82,51,72,57
sejarahwan,1,93,51,73,72,82,58,70,88,68,55,68,63,60,63,83
sejarahwan,1,86,69,64,83,71,62,70,89,83,57,76,71,74,51,62
sejarahwan,1,82,61,82,58,77,84,59,88,65,77,65,73,63,64,58
sejarahwan,1,96,78,70,59,69,81,61,91,69,69,53,84,82,76,76
sejarahwan,1,88,63,84,78,84,74,61,89,75,76,76,63,78,62,51
sejarahwan,1,93,52,77,52,82,76,82,97,65,79,79,59,72,66,52
sejarahwan,1,87,57,81,52,62,69,57,87,58,67,83,68,61,53,79
sejarahwan,1,99,71,56,65,76,79,66,90,54,66,76,72,58,72,67
komposer,2,86,70,82,53,77,82,74,55,60,59,93,55,95,69,70
komposer,2,97,62,76,58,74,61,68,66,61,69,89,59,99,59,56
komposer,2,99,57,73,51,75,75,77,84,80,76,89,58,96,79,73
komposer,2,83,70,76,62,70,61,80,75,66,76,91,76,93,58,61
komposer,2,92,71,76,85,60,84,61,66,62,68,81,73,84,59,56
komposer,2,96,66,85,57,79,72,68,72,68,59,83,68,94,57,63
komposer,2,82,54,73,70,60,66,57,74,75,67,88,73,100,73,65
komposer,2,90,83,75,75,55,56,81,64,64,81,93,66,87,67,71
komposer,2,98,69,57,74,61,59,65,67,80,67,88,78,96,73,70
komposer,2,96,56,84,85,67,60,60,63,80,76,84,57,85,76,68
komposer,2,94,73,85,52,69,58,72,74,85,69,85,66,91,80,77
komposer,2,85,79,58,83,57,71,74,63,61,66,97,79,89,60,59
komposer,2,85,55,67,59,72,79,81,73,64,83,98,62,90,62,71
komposer,2,93,81,51,53,66,78,57,73,79,76,95,60,82,75,71
komposer,2,88,85,85,55,57,58,65,62,70,57,83,65,87,71,57
perawat,3,68,85,90,77,66,94,82,75,84,67,83,67,78,77,84
perawat,3,60,88,86,83,69,97,52,78,70,66,75,78,67,74,75
perawat,3,70,89,85,78,62,99,62,68,66,82,81,74,73,75,81
perawat,3,85,92,86,77,58,97,61,73,80,85,67,81,85,77,85
perawat,3,77,93,94,82,83,92,60,77,69,81,78,72,84,68,72
perawat,3,65,84,82,76,66,82,66,64,80,80,81,71,76,65,69
perawat,3,81,86,88,67,61,92,73,64,83,79,67,82,75,66,72
perawat,3,83,94,100,71,73,92,81,63,69,82,66,65,77,69,74
perawat,3,65,88,99,80,71,99,52,62,72,73,81,80,83,72,78
perawat,3,71,91,83,81,59,93,65,61,69,67,68,81,82,77,68
perawat,3,61,87,91,83,76,86,74,57,69,85,69,70,83,74,71
perawat,3,76,86,98,75,82,92,52,69,73,74,78,70,80,70,73
perawat,3,64,99,81,74,64,86,74,74,74,80,74,69,73,85,84
perawat,3,61,98,93,69,58,87,53,66,72,84,68,77,83,81,65
perawat,3,78,81,100,69,71,82,71,73,80,82,77,69,74,66,76
apoteker,4,77,86,84,72,79,70,56,58,61,85,79,66,77,70,83
apoteker,4,71,98,88,72,84,82,65,64,70,95,72,79,71,61,68
apoteker,4,79,88,99,84,82,68,57,84,62,98,72,70,63,73,57
apoteker,4,76,96,94,79,62,76,73,80,84,86,63,73,83,75,59
apoteker,4,65,89,81,75,55,82,51,58,64,99,80,76,66,69,55
apoteker,4,76,84,89,71,78,63,81,70,70,90,60,83,56,74,82
apoteker,4,80,97,82,69,69,75,59,75,74,93,55,75,57,75,58
apoteker,4,61,89,95,72,75,72,73,79,71,90,75,81,80,61,80
apoteker,4,77,83,94,72,62,74,62,69,77,89,77,69,83,77,72
apoteker,4,84,100,86,82,64,71,63,78,78,95,65,73,64,69,62
apoteker,4,69,84,98,67,54,74,57,68,84,82,69,76,82,58,81
apoteker,4,79,89,84,70,54,82,68,81,76,98,76,78,68,66,77
apoteker,4,69,92,95,83,53,79,58,60,82,89,67,65,77,57,64
apoteker,4,78,84,94,85,61,78,68,73,81,83,73,56,81,57,64
apoteker,4,84,90,81,77,83,71,69,77,60,93,55,72,61,73,58
psikolog,5,98,81,59,58,64,100,65,74,52,56,74,64,67,80,69
psikolog,5,83,83,82,74,57,92,74,65,76,74,58,83,71,80,52
psikolog,5,97,83,76,71,64,83,70,74,78,56,57,82,63,83,56
psikolog,5,97,62,55,68,69,87,78,75,52,81,52,81,64,82,68
psikolog,5,84,65,81,82,71,93,76,75,80,76,69,71,51,52,81
psikolog,5,82,65,77,63,72,88,78,81,71,83,69,52,66,52,81
psikolog,5,95,56,66,58,56,86,73,79,64,81,66,83,68,56,83
psikolog,5,91,60,75,56,61,92,74,73,59,51,66,65,76,80,71
psikolog,5,87,78,57,57,65,84,79,79,56,62,79,69,73,61,75
psikolog,5,83,57,78,77,73,95,68,71,61,55,58,72,58,77,61
psikolog,5,95,66,61,64,62,82,66,78,56,75,54,68,72,53,70
psikolog,5,82,75,69,84,72,89,66,72,58,72,54,59,74,76,55
psikolog,5,96,77,85,82,63,84,67,67,53,81,73,74,80,56,77
psikolog,5,90,59,65,57,84,95,73,66,72,51,58,57,70,79,75
psikolog,5,90,80,62,63,64,87,78,72,80,72,76,69,83,53,78
psikiater,6,75,87,72,80,78,92,84,76,83,63,66,66,79,70,73
psikiater,6,67,86,67,84,79,99,69,58,76,80,77,68,81,61,65
psikiater,6,65,83,79,68,66,97,69,61,85,70,60,59,71,80,66
psikiater,6,74,86,79,78,63,84,79,69,79,83,84,75,64,75,70
psikiater,6,73,91,72,79,69,83,66,84,84,78,73,64,57,71,71
psikiater,6,69,88,68,80,56,99,58,71,67,79,85,70,57,62,84
psikiater,6,68,89,79,74,75,95,66,58,84,70,74,63,70,80,72
psikiater,6,68,90,77,73,64,96,63,85,81,84,79,77,57,60,74
psikiater,6,61,87,79,70,67,97,57,85,84,80,80,56,79,60,60
psikiater,6,64,92,69,85,77,97,61,80,80,77,82,62,66,55,76
psikiater,6,68,84,73,66,66,94,82,63,71,59,57,61,79,59,67
psikiater,6,77,93,77,68,76,97,84,68,70,61,78,64,65,64,55
psikiater,6,71,94,74,85,59,88,63,61,79,72,70,74,61,73,61
psikiater,6,77,91,69,80,55,85,55,77,81,68,66,64,63,82,80
psikiater,6,73,98,82,80,69,98,71,74,67,81,56,62,57,76,67
tour guide,7,91,64,71,57,59,96,79,58,59,92,75,76,89,73,79
tour guide,7,90,70,74,68,64,90,58,75,76,97,73,68,94,74,78
tour guide,7,96,79,71,66,59,90,76,78,59,98,72,79,88,70,66
tour guide,7,94,59,55,64,64,92,70,54,69,98,72,75,92,78,76
tour guide,7,81,56,73,76,70,84,62,53,52,92,57,62,89,74,75
tour guide,7,87,70,53,60,74,87,67,55,61,85,78,64,93,61,69
tour guide,7,81,56,70,65,69,99,51,60,74,83,62,62,86,71,79
tour guide,7,89,73,75,63,66,95,58,56,77,83,73,73,88,65,74
tour guide,7,95,74,77,52,75,99,71,69,72,96,53,55,93,77,77
tour guide,7,92,76,61,80,73,93,68,66,64,87,74,71,95,62,78
tour guide,7,90,75,76,71,54,88,65,59,59,82,62,61,93,77,70
tour guide,7,85,76,56,75,74,98,52,60,65,96,65,51,91,75,78
tour guide,7,98,69,54,59,76,94,80,78,63,87,72,78,95,66,70
tour guide,7,98,51,79,78,75,90,57,61,79,97,67,60,93,74,67
tour guide,7,82,54,67,68,66,95,73,53,72,95,55,52,90,79,80
polisi atau tentara,8,62,71,80,70,66,97,71,76,85,69,77,62,83,68,86
polisi atau tentara,8,79,70,70,75,61,99,71,75,91,69,59,74,74,76,82
polisi atau tentara,8,70,83,62,78,65,82,65,70,93,73,75,77,75,78,83
polisi atau tentara,8,63,68,82,63,81,90,71,67,90,78,73,83,81,60,86
polisi atau tentara,8,76,72,83,67,70,84,73,73,90,63,72,74,83,68,83
polisi atau tentara,8,79,75,69,71,76,84,75,77,93,78,83,71,76,69,87
polisi atau tentara,8,62,65,69,66,78,87,77,65,87,68,64,66,66,61,83
polisi atau tentara,8,61,79,83,66,72,86,70,70,92,70,67,70,76,58,85
polisi atau tentara,8,75,75,83,76,75,82,69,71,92,63,58,80,69,68,82
polisi atau tentara,8,79,63,81,80,74,87,64,75,94,70,74,63,60,78,86
polisi atau tentara,8,83,82,78,78,73,86,78,69,93,76,78,81,60,58,84
polisi atau tentara,8,63,78,80,78,72,95,63,68,94,61,78,66,60,65,99
polisi atau tentara,8,65,63,65,66,64,82,69,75,87,75,83,66,83,70,85
polisi atau tentara,8,73,79,67,73,72,83,63,79,94,67,76,69,76,77,83
polisi atau tentara,8,68,77,70,67,73,82,78,65,87,76,82,75,66,78,82
ilmuwan,9,82,99,90,96,67,78,72,70,69,73,66,79,75,76,76
ilmuwan,9,77,98,87,96,74,77,71,72,76,70,77,65,70,79,81
ilmuwan,9,84,97,96,95,81,72,80,71,72,80,78,66,67,73,72
ilmuwan,9,66,91,87,90,71,79,77,76,71,78,71,68,66,72,78
ilmuwan,9,73,94,91,93,67,73,78,67,65,72,82,65,80,78,76
ilmuwan,9,65,85,95,100,79,65,69,80,73,81,77,73,78,79,71
ilmuwan,9,65,85,87,83,63,78,72,62,78,75,78,76,73,72,79
ilmuwan,9,74,83,93,99,62,68,75,80,78,76,81,82,77,66,72
ilmuwan,9,81,88,98,93,62,68,75,72,75,68,70,73,67,72,66
ilmuwan,9,78,81,82,85,62,61,82,65,80,82,70,82,79,80,74
ilmuwan,9,69,88,93,85,63,64,71,81,66,71,71,68,71,81,70
ilmuwan,9,68,95,86,83,82,75,64,81,79,71,78,69,75,79,69
ilmuwan,9,85,99,92,100,62,64,69,64,67,79,78,67,71,67,65
ilmuwan,9,75,82,95,97,80,75,76,81,82,67,81,73,77,74,80
ilmuwan,9,81,83,87,90,75,67,61,82,74,80,66,67,72,66,79
arsitek,10,84,75,77,94,71,73,78,76,80,79,96,73,68,70,79
arsitek,10,69,76,80,86,75,56,82,74,82,81,91,82,71,78,66
arsitek,10,85,81,75,97,70,71,72,71,73,79,89,81,64,65,66
arsitek,10,85,84,65,82,62,69,71,62,61,73,91,66,77,71,76
arsitek,10,78,79,83,91,58,80,81,74,65,62,97,64,70,71,77
arsitek,10,79,69,70,83,74,81,61,79,79,70,83,71,64,81,75
arsitek,10,82,78,83,92,62,77,74,57,62,62,88,75,82,77,66
arsitek,10,80,66,71,84,56,70,75,78,74,83,98,62,62,64,64
arsitek,10,72,81,77,88,82,75,57,71,66,60,97,78,71,83,79
arsitek,10,82,85,69,99,65,74,60,72,61,64,97,72,76,61,82
arsitek,10,72,68,68,95,74,58,74,63,80,72,98,71,70,68,79
arsitek,10,84,75,70,91,78,81,70,76,70,81,95,80,72,69,67
arsitek,10,76,76,76,95,69,80,59,68,84,61,94,79,67,73,80
arsitek,10,69,73,73,100,60,79,72,70,79,80,85,81,64,80,70
arsitek,10,84,67,72,94,80,80,67,80,79,62,86,67,72,61,82
pelukis,11,89,78,73,69,79,61,72,77,63,87,92,62,61,65,74
pelukis,11,82,66,80,83,69,75,67,82,73,95,87,70,72,65,72
pelukis,11,84,67,62,72,73,63,61,82,70,91,83,61,73,64,72
pelukis,11,98,75,61,71,83,74,62,69,66,98,98,83,68,79,82
pelukis,11,99,67,75,62,80,61,63,71,74,91,91,85,71,76,67
pelukis,11,81,65,70,65,72,81,81,79,65,99,82,65,61,67,77
pelukis,11,85,80,78,64,78,64,82,74,67,84,89,62,65,83,72
pelukis,11,84,64,61,60,63,73,68,63,66,83,89,76,85,85,77
pelukis,11,91,83,70,67,82,63,75,77,82,81,99,67,78,78,66
pelukis,11,93,83,72,63,70,65,67,78,77,82,98,62,79,77,61
pelukis,11,96,69,80,63,77,73,61,62,60,95,96,69,64,74,74
pelukis,11,84,66,77,60,69,62,76,65,79,91,90,85,78,82,74
pelukis,11,93,74,78,80,64,64,69,78,81,95,88,76,82,74,64
pelukis,11,86,60,66,75,74,76,83,70,66,81,99,68,65,70,69
pelukis,11,98,72,62,65,70,67,65,71,69,94,92,82,63,63,64
atlit,12,73,90,79,69,67,69,79,80,74,63,64,80,62,69,95
atlit,12,67,86,81,68,63,81,71,79,70,74,72,61,80,61,85
atlit,12,76,95,83,85,68,77,66,61,67,81,60,85,76,64,88
atlit,12,74,89,69,66,75,72,79,69,66,71,71,83,71,75,97
atlit,12,70,85,70,83,80,64,81,67,82,80,73,82,72,79,84
atlit,12,67,85,78,61,82,69,66,84,74,63,80,74,85,82,83
atlit,12,78,84,65,68,72,78,81,81,70,65,74,69,60,81,82
atlit,12,73,88,69,73,74,72,63,68,77,74,69,84,81,69,83
atlit,12,75,98,78,83,77,78,79,85,68,74,85,61,72,78,90
atlit,12,78,83,61,78,84,85,72,85,76,84,69,69,72,74,98
atlit,12,76,85,64,80,81,74,72,68,70,69,74,65,76,72,83
atlit,12,76,93,78,73,67,76,75,78,78,68,62,85,67,78,97
atlit,12,70,82,80,68,73,68,68,73,62,79,68,62,65,73,84
atlit,12,83,92,62,66,76,68,74,70,82,76,71,62,69,67,86
atlit,12,73,92,61,72,81,76,67,66,80,83,74,66,65,73,87
jurnalis,13,94,71,77,63,80,81,66,79,62,57,66,56,96,79,77
jurnalis,13,86,77,72,75,64,85,74,63,79,57,75,63,84,62,82
jurnalis,13,81,70,65,80,74,98,69,65,71,73,75,60,85,65,71
jurnalis,13,84,76,75,71,76,87,79,55,64,58,58,57,91,70,75
jurnalis,13,99,73,64,78,72,89,55,69,80,56,80,77,90,82,75
jurnalis,13,95,62,65,73,72,96,79,74,72,74,58,64,89,71,77
jurnalis,13,91,71,66,72,73,99,66,63,65,57,71,67,95,81,72
jurnalis,13,96,80,74,65,79,94,62,69,73,67,62,76,93,75,76
jurnalis,13,82,69,68,67,75,89,56,63,74,58,59,71,94,61,61
jurnalis,13,83,73,65,68,71,90,63,63,65,70,78,76,88,77,69
jurnalis,13,86,75,69,69,67,98,55,55,68,74,59,62,84,68,80
jurnalis,13,98,73,70,80,68,90,79,70,62,61,67,57,85,61,66
jurnalis,13,85,64,74,77,74,82,75,69,66,69,76,74,88,61,73
jurnalis,13,99,79,60,74,77,82,73,74,66,60,76,67,84,82,62
jurnalis,13,92,65,65,70,80,82,75,70,75,63,65,75,90,62,80
wartawan,14,96,67,76,70,76,90,78,76,69,65,68,61,93,63,70
wartawan,14,90,62,72,78,68,93,61,58,68,60,60,69,90,80,74
wartawan,14,96,75,79,67,69,99,73,64,64,80,74,66,95,82,71
wartawan,14,94,64,72,76,72,93,70,70,77,60,56,73,82,62,68
wartawan,14,81,66,65,75,61,85,71,76,76,77,61,67,86,71,72
wartawan,14,99,60,70,65,79,96,63,65,64,56,56,65,96,80,72
wartawan,14,81,79,64,66,62,97,58,67,67,68,71,79,84,77,67
wartawan,14,90,72,70,79,62,96,78,74,63,78,58,76,86,71,74
wartawan,14,89,66,75,77,67,84,55,57,57,77,71,59,88,76,63
wartawan,14,92,78,62,69,68,96,80,68,57,61,56,62,95,78,78
wartawan,14,94,61,78,73,65,98,57,60,59,63,58,57,83,61,79
wartawan,14,98,75,70,61,64,98,59,60,67,64,72,73,83,67,68
wartawan,14,97,62,60,64,60,84,65,69,74,68,60,78,89,73,80
wartawan,14,93,60,78,72,78,90,71,77,57,61,65,70,92,63,78
wartawan,14,96,64,62,64,77,90,72,72,72,56,69,64,99,62,76
pengacara,15,88,78,71,62,62,93,78,68,87,61,75,73,60,82,75
pengacara,15,100,69,69,62,65,84,73,83,94,67,61,71,69,68,63
pengacara,15,96,71,71,64,62,100,80,76,94,66,62,77,65,70,68
pengacara,15,82,66,76,63,72,81,79,67,97,74,73,79,71,80,65
pengacara,15,95,64,63,60,61,81,81,67,82,68,61,68,77,82,82
pengacara,15,83,60,76,79,63,89,83,82,81,62,61,80,64,65,81
pengacara,15,82,70,74,76,67,96,78,67,93,72,63,72,66,63,62
pengacara,15,88,74,79,70,66,91,79,69,89,69,77,79,67,62,73
pengacara,15,98,78,69,74,63,95,65,65,99,80,64,81,79,62,72
pengacara,15,84,61,80,66,63,86,69,75,87,62,81,75,60,66,67
pengacara,15,99,63,74,67,65,95,79,77,84,77,63,64,75,74,78
pengacara,15,83,80,77,80,78,94,70,70,96,72,70,76,71,80,62
pengacara,15,97,68,69,70,61,87,83,77,85,74,74,61,65,69,65
pengacara,15,99,69,79,66,76,97,82,71,95,77,76,69,74,62,75
pengacara,15,95,73,65,66,70,84,67,72,88,60,78,75,64,71,72
hakim,16,99,61,78,71,77,83,83,79,82,64,75,69,74,69,76
hakim,16,88,62,78,66,74,91,79,83,97,62,78,64,68,69,78
hakim,16,92,61,68,70,80,97,75,82,82,81,74,61,63,68,74
hakim,16,81,80,71,68,74,91,80,69,98,67,61,70,72,80,82
hakim,16,94,72,76,80,80,96,83,67,94,66,80,78,67,64,64
hakim,16,82,72,80,63,75,86,71,73,83,80,69,76,77,80,74
hakim,16,83,66,71,75,70,83,80,66,86,77,60,63,66,82,82
hakim,16,94,78,64,67,66,93,78,74,88,69,69,78,61,82,69
hakim,16,83,69,80,66,70,91,82,70,87,78,60,71,79,81,70
hakim,16,97,61,65,80,64,83,69,69,91,64,63,62,65,73,73
hakim,16,90,73,77,70,75,82,70,77,93,74,64,70,66,78,66
hakim,16,86,75,68,78,74,92,74,78,100,75,63,81,69,73,67
hakim,16,83,69,67,75,63,86,67,80,97,62,60,67,76,76,79
hakim,16,87,79,61,60,75,86,82,76,81,65,68,66,79,64,75
hakim,16,88,61,70,75,71,81,78,76,84,63,76,76,75,76,63
jaksa,17,89,68,60,80,80,85,69,68,89,81,81,66,74,72,60
jaksa,17,96,64,65,71,68,83,72,70,99,77,70,64,63,61,65
jaksa,17,90,65,80,64,79,99,66,79,96,62,60,77,60,73,61
jaksa,17,97,62,67,70,72,94,73,81,99,78,67,64,61,61,74
jaksa,17,86,70,77,73,69,89,65,73,97,75,69,79,75,65,74
jaksa,17,86,68,72,77,65,84,78,68,90,66,62,62,80,75,67
jaksa,17,95,62,61,78,76,89,67,65,81,69,68,60,67,82,82
jaksa,17,92,75,78,68,64,98,80,70,98,60,69,75,68,79,77
jaksa,17,88,66,76,70,73,86,71,67,86,77,63,64,77,61,74
jaksa,17,97,66,78,61,72,100,74,65,85,76,71,64,73,63,80
jaksa,17,99,68,77,73,61,93,74,78,85,75,73,77,80,65,60
jaksa,17,96,69,72,77,72,95,81,74,94,60,78,67,78,60,70
jaksa,17,90,62,74,61,80,86,73,80,92,70,71,80,60,67,78
jaksa,17,99,77,61,75,65,86,72,71,87,67,69,71,80,72,70
jaksa,17,81,77,70,68,80,92,68,78,99,80,74,61,81,74,65
ahli gizi,18,73,93,76,80,70,96,99,67,78,70,56,57,76,79,79
ahli gizi,18,73,99,66,67,80,89,86,67,77,60,64,69,55,74,81
ahli gizi,18,77,97,79,71,76,91,91,72,76,68,69,80,66,64,66
ahli gizi,18,78,92,68,68,78,81,87,68,63,73,73,79,76,74,63
ahli gizi,18,82,90,84,80,78,90,99,56,66,70,76,76,80,76,68
ahli gizi,18,75,82,69,72,78,97,95,56,78,66,64,73,74,62,66
ahli gizi,18,79,93,69,84,69,89,88,80,73,58,63,75,56,76,74
ahli gizi,18,65,83,71,67,81,83,91,59,65,62,69,57,64,79,78
ahli gizi,18,69,85,70,65,75,91,96,69,55,77,78,70,56,81,78
ahli gizi,18,72,94,79,79,67,95,93,57,64,77,66,72,67,71,78
ahli gizi,18,72,99,83,65,83,91,82,59,80,78,80,77,64,64,68
ahli gizi,18,66,99,78,69,84,94,97,55,57,73,55,66,71,73,71
ahli gizi,18,68,95,72,67,77,90,99,78,69,68,78,76,77,74,80
ahli gizi,18,81,82,73,78,71,94,99,69,75,70,77,66,76,60,64
ahli gizi,18,65,91,67,66,77,90,83,64,80,66,71,69,73,68,73
desainer grafis,19,80,69,76,65,72,77,69,60,76,90,83,85,76,70,78
desainer grafis,19,69,70,78,61,78,62,69,64,57,83,99,84,74,60,77
desainer grafis,19,68,67,74,64,58,62,63,76,61,81,89,82,67,81,69
desainer grafis,19,73,68,74,76,77,75,58,69,65,89,83,90,77,60,63
desainer grafis,19,85,77,69,78,78,62,57,77,61,92,92,83,78,73,66
desainer grafis,19,85,74,71,69,78,57,77,55,59,84,99,94,74,61,64
desainer grafis,19,78,68,61,70,60,69,74,61,78,96,86,90,63,75,70
desainer grafis,19,73,65,73,71,65,62,60,64,77,90,93,97,65,63,79
desainer grafis,19,81,62,70,61,65,64,67,59,69,82,81,99,76,63,64
desainer grafis,19,70,75,62,58,72,63,58,56,57,92,98,99,69,72,75
desainer grafis,19,77,55,73,70,56,58,62,68,72,94,98,93,72,71,78
desainer grafis,19,75,55,63,66,59,69,58,59,66,89,83,81,69,62,77
desainer grafis,19,76,69,67,70,56,73,72,59,77,95,90,94,67,71,64
desainer grafis,19,84,64,72,62,65,74,68,67,75,87,81,87,65,63,70
desainer grafis,19,81,73,64,60,68,74,59,72,59,98,99,88,64,66,72
aktor/aktris,20,97,68,77,56,65,77,76,65,70,73,81,76,90,75,75
aktor/aktris,20,90,77,77,76,76,60,72,61,56,72,97,59,96,60,66
aktor/aktris,20,86,60,55,76,57,58,62,67,56,62,100,73,91,64,67
aktor/aktris,20,91,65,78,56,58,56,61,71,61,77,85,50,95,72,64
aktor/aktris,20,99,67,71,71,62,71,74,62,63,73,92,76,98,62,66
aktor/aktris,20,98,72,57,70,60,71,62,55,72,72,98,52,88,82,67
aktor/aktris,20,85,70,57,63,65,78,66,75,78,66,82,66,98,62,63
aktor/aktris,20,85,56,63,75,66,74,61,62,76,70,90,73,88,76,61
aktor/aktris,20,91,59,70,66,63,68,68,55,67,61,86,54,96,78,74
aktor/aktris,20,88,76,66,58,61,72,78,70,64,79,83,62,84,76,60
aktor/aktris,20,86,59,71,78,57,66,55,71,62,76,86,73,92,82,66
aktor/aktris,20,90,67,73,67,60,71,64,78,62,76,95,71,82,68,73
aktor/aktris,20,96,73,73,78,75,61,61,64,76,75,90,64,95,81,61
aktor/aktris,20,83,65,64,66,76,74,76,78,56,72,92,52,88,75,81
aktor/aktris,20,96,76,67,64,60,62,63,66,75,68,96,74,94,72,75
ahli botani,21,65,87,90,77,68,79,71,68,81,75,60,66,79,78,81
ahli botani,21,71,91,90,81,76,82,76,70,78,66,75,76,75,78,66
ahli botani,21,80,91,81,74,69,60,76,60,61,80,82,65,67,78,76
ahli botani,21,66,84,98,82,74,61,81,64,64,68,60,71,82,77,68
ahli botani,21,74,91,82,68,71,74,75,74,70,69,69,73,79,66,81
ahli botani,21,68,100,93,70,76,62,77,80,82,80,67,74,63,73,75
ahli botani,21,65,98,83,62,78,71,64,79,70,79,72,71,70,64,80
ahli botani,21,79,85,94,74,71,63,79,62,65,67,70,68,67,76,80
ahli botani,21,78,100,83,65,75,64,69,76,72,76,82,75,77,77,67
ahli botani,21,66,93,88,64,63,67,79,79,60,64,72,80,79,69,64
ahli botani,21,66,84,83,63,67,60,60,69,60,68,77,73,75,78,76
ahli botani,21,67,93,83,78,70,72,71,63,70,71,62,77,76,72,70
ahli botani,21,74,96,98,79,79,68,62,81,70,82,80,80,80,75,70
ahli botani,21,72,96,89,71,75,75,60,82,65,60,64,68,75,82,77
ahli botani,21,65,94,87,70,81,81,65,74,71,68,63,74,77,73,66
HRD,22,81,61,66,62,78,96,62,69,78,74,66,81,88,65,62
HRD,22,99,78,76,66,63,83,62,73,79,81,63,61,90,69,74
HRD,22,99,69,55,80,80,94,71,72,78,61,66,82,90,60,63
HRD,22,92,64,65,64,74,97,70,78,79,77,74,70,95,70,66
HRD,22,87,61,77,74,67,91,68,66,72,71,63,63,88,82,79
HRD,22,93,67,66,74,64,91,68,75,65,73,76,63,89,68,65
HRD,22,87,65,71,70,73,85,65,66,72,62,73,67,91,66,74
HRD,22,96,65,78,69,78,82,61,73,74,68,66,72,86,71,78
HRD,22,90,66,55,61,82,84,73,79,66,67,77,78,84,79,75
HRD,22,95,71,71,72,77,94,69,67,70,78,82,76,98,79,69
HRD,22,98,77,60,71,76,95,73,78,65,66,80,72,86,65,80
HRD,22,98,65,55,63,62,82,78,72,75,76,76,66,87,80,72
HRD,22,87,71,79,62,76,82,81,71,66,68,77,64,96,62,75
HRD,22,81,69,73,67,72,97,73,68,79,76,61,66,95,71,69
HRD,22,98,55,67,72,74,99,64,70,67,73,68,64,81,74,79
pramugara atau pramugari,23,98,66,56,55,75,90,65,64,67,70,75,77,84,61,76
pramugara atau pramugari,23,88,60,63,74,65,87,79,70,69,69,67,62,89,71,62
pramugara atau pramugari,23,81,59,68,65,75,98,67,78,81,65,79,68,86,76,69
pramugara atau pramugari,23,95,65,80,62,71,82,71,63,76,63,71,71,90,67,62
pramugara atau pramugari,23,90,71,67,70,82,99,71,62,64,70,62,78,88,73,69
pramugara atau pramugari,23,88,57,68,65,77,85,72,72,70,63,80,78,95,70,68
pramugara atau pramugari,23,92,80,66,65,77,88,74,76,73,69,63,71,83,64,61
pramugara atau pramugari,23,83,72,64,63,70,98,76,80,79,66,61,68,97,73,78
pramugara atau pramugari,23,91,73,71,61,67,82,67,63,75,78,61,70,95,77,74
pramugara atau pramugari,23,98,75,79,63,75,97,79,61,81,67,68,79,93,78,60
pramugara atau pramugari,23,97,58,69,68,63,93,66,73,70,64,68,63,92,82,74
pramugara atau pramugari,23,84,57,63,66,72,93,66,75,64,81,75,78,99,61,79
pramugara atau pramugari,23,94,68,71,69,74,93,63,73,69,68,73,78,97,70,80
pramugara atau pramugari,23,100,55,56,71,65,83,77,75,73,80,71,64,90,76,73
pramugara atau pramugari,23,97,78,75,67,73,90,80,64,65,74,66,62,82,77,78
bidan,24,81,81,91,67,62,98,74,64,63,77,56,76,74,61,69
bidan,24,74,85,93,66,63,93,59,72,69,63,56,80,56,63,68
bidan,24,72,99,88,65,76,97,71,66,74,78,56,66,67,69,61
bidan,24,81,87,94,70,75,98,65,62,72,70,77,74,72,69,65
bidan,24,66,94,81,70,69,91,64,75,66,73,69,78,61,62,77
bidan,24,65,83,95,67,67,82,65,68,62,67,67,60,68,74,60
bidan,24,65,97,87,75,65,98,60,61,64,69,67,58,82,73,60
bidan,24,80,91,96,60,73,81,73,73,73,65,69,68,61,79,66
bidan,24,70,83,93,69,75,84,81,63,80,82,81,60,55,78,81
bidan,24,81,97,96,76,68,85,56,80,67,64,63,64,69,82,72
bidan,24,73,83,95,72,68,89,71,55,56,71,78,66,74,76,82
bidan,24,73,82,83,73,67,85,69,81,81,79,76,76,77,78,80
bidan,24,75,98,94,72,69,82,64,71,60,82,57,70,58,80,66
bidan,24,78,82,89,60,69,81,55,58,58,58,62,78,55,71,67
bidan,24,65,94,97,79,78,99,55,63,62,79,66,66,67,61,65
filsuf,25,93,65,72,66,64,94,72,70,90,71,74,65,72,80,60
filsuf,25,99,73,55,60,67,89,77,69,96,66,72,73,69,65,64
filsuf,25,99,63,76,65,65,93,68,75,81,69,77,76,69,68,70
filsuf,25,87,61,63,59,69,95,61,64,95,74,62,61,62,72,70
filsuf,25,86,60,71,77,76,97,73,73,94,67,65,79,78,69,71
filsuf,25,93,65,71,71,71,83,65,79,96,76,61,63,74,78,82
filsuf,25,92,57,67,69,64,97,65,77,86,66,77,74,77,63,77
filsuf,25,88,61,76,64,73,84,70,64,85,66,74,71,69,66,65
filsuf,25,99,72,77,77,61,91,75,78,87,68,65,69,65,67,79
filsuf,25,98,75,70,71,78,97,60,65,84,61,79,66,64,71,77
filsuf,25,84,70,56,58,67,84,69,76,94,62,75,66,62,66,67
filsuf,25,85,73,56,63,67,97,75,73,88,62,76,73,62,67,66
filsuf,25,95,61,68,76,60,85,69,60,81,80,76,64,78,64,82
filsuf,25,85,69,63,67,66,81,68,60,87,71,74,79,65,64,79
filsuf,25,87,63,59,75,66,98,67,74,92,74,69,68,71,64,70
teller,26,98,65,62,65,76,91,88,67,72,74,65,68,73,74,70
teller,26,88,78,61,57,70,81,96,79,74,69,79,62,62,69,68
teller,26,87,78,67,77,71,82,92,73,79,61,70,68,65,61,68
teller,26,87,67,61,56,82,90,99,66,63,77,78,71,75,77,77
teller,26,98,70,71,67,78,82,99,75,60,68,62,64,75,74,77
teller,26,82,72,70,64,70,87,81,65,65,67,73,77,61,82,79
teller,26,95,74,69,62,64,87,88,75,71,78,80,72,78,60,63
teller,26,95,73,55,57,75,99,87,62,67,72,64,63,80,78,69
teller,26,84,58,77,59,70,95,88,72,76,76,75,62,80,76,76
teller,26,86,60,76,65,66,93,91,76,67,76,74,69,79,67,67
teller,26,87,73,59,69,71,98,95,70,74,77,65,77,75,78,74
teller,26,83,59,58,58,74,93,96,60,69,73,72,78,69,62,72
teller,26,86,75,55,71,65,81,88,65,63,76,72,64,63,60,62
teller,26,90,55,65,63,67,94,88,68,79,75,65,73,77,78,66
teller,26,95,58,56,75,72,90,90,80,68,73,75,78,71,72,75
diplomat,27,72,77,78,57,71,77,74,68,94,64,80,71,82,77,74
diplomat,27,79,66,68,60,70,66,69,79,85,62,72,68,81,61,81
diplomat,27,70,68,64,75,78,78,68,80,92,66,70,79,98,80,81
diplomat,27,74,68,67,58,78,74,60,77,95,60,60,63,85,79,74
diplomat,27,74,56,57,78,78,80,71,72,89,60,68,81,96,81,76
diplomat,27,76,60,67,77,69,61,79,68,98,71,61,66,84,65,70
diplomat,27,71,61,69,62,72,64,72,71,95,61,73,80,88,62,80
diplomat,27,68,76,55,58,79,75,72,70,94,69,71,81,84,74,68
diplomat,27,79,77,60,70,64,69,75,75,89,69,63,69,94,75,69
diplomat,27,80,61,72,77,65,75,67,70,93,65,62,82,98,66,71
diplomat,27,66,62,59,59,75,80,76,60,95,67,75,66,87,81,74
diplomat,27,66,71,72,62,74,76,62,68,85,62,65,77,82,79,61
diplomat,27,73,78,69,75,67,63,70,78,98,73,77,75,84,68,62
diplomat,27,78,70,65,62,62,73,60,71,96,74,68,69,95,64,79
diplomat,27,77,76,69,64,67,65,75,68,82,72,78,60,99,79,79
sutradara,28,88,66,64,69,74,97,79,74,78,62,98,72,68,60,78
sutradara,28,85,70,75,70,74,89,63,77,61,69,82,71,74,80,75
sutradara,28,91,80,72,80,71,85,62,75,80,73,89,76,60,80,61
sutradara,28,98,58,63,58,78,95,62,75,75,64,100,60,77,78,62
sutradara,28,84,80,67,71,64,95,65,62,68,80,85,75,69,72,66
sutradara,28,86,60,75,65,63,88,65,60,67,65,89,71,64,81,66
sutradara,28,86,75,71,63,60,82,60,73,63,62,81,60,70,71,65
sutradara,28,89,77,58,66,78,96,69,76,71,61,89,74,76,70,82
sutradara,28,93,74,75,59,62,89,68,74,62,71,91,75,71,77,67
sutradara,28,84,74,58,60,68,94,68,73,62,72,98,79,67,70,64
sutradara,28,90,72,64,79,63,81,79,71,63,62,95,61,59,71,67
sutradara,28,90,75,62,72,62,83,80,62,60,66,95,76,68,62,74
sutradara,28,81,77,58,60,80,92,63,60,64,64,96,76,58,72,72
sutradara,28,94,68,79,62,64,94,68,75,65,71,83,55,69,60,75
sutradara,28,88,67,59,60,67,96,71,62,75,68,78,73,60,68,62
kondektur,29,81,58,73,80,60,85,80,61,78,80,64,55,75,67,98
kondektur,29,94,62,72,73,61,82,77,61,74,77,77,74,65,76,82
kondektur,29,90,70,79,64,73,91,74,79,78,74,67,60,70,66,85
kondektur,29,85,77,74,71,63,95,62,79,71,68,78,74,68,76,93
kondektur,29,95,75,58,76,71,88,74,76,64,67,61,55,65,65,97
kondektur,29,88,71,71,72,64,93,78,75,75,60,76,70,65,77,98
kondektur,29,92,78,73,76,73,88,67,79,79,78,56,58,64,67,85
kondektur,29,85,70,80,74,77,82,79,76,68,72,58,64,79,66,97
kondektur,29,86,59,75,70,64,94,77,70,63,73,68,68,78,72,92
kondektur,29,92,75,77,64,80,98,67,70,68,71,77,76,62,69,88
kondektur,29,94,66,77,76,79,86,78,76,76,72,64,64,80,70,89
kondektur,29,88,78,66,68,68,98,62,75,64,73,71,77,71,68,96
kondektur,29,84,75,76,58,72,82,60,61,74,75,57,55,70,69,97
kondektur,29,84,61,80,58,78,88,65,69,75,73,70,75,69,69,84
kondektur,29,91,65,73,67,66,86,71,69,74,73,67,55,74,76,96
sekretaris,30,91,59,63,58,74,87,66,61,91,74,55,61,87,65,80
sekretaris,30,84,60,69,66,73,98,72,65,89,67,55,76,89,70,60
sekretaris,30,88,62,66,72,63,98,73,62,95,76,67,55,92,67,67
sekretaris,30,82,71,79,60,72,94,78,66,96,65,68,66,82,79,80
sekretaris,30,94,60,58,74,65,91,60,65,86,75,75,55,85,62,72
sekretaris,30,100,59,79,75,69,90,68,66,99,56,55,75,96,66,65
sekretaris,30,98,68,58,66,63,85,62,62,88,71,75,63,93,74,77
sekretaris,30,90,62,70,65,72,88,79,76,91,77,65,76,89,67,64
sekretaris,30,91,69,78,66,60,83,77,73,83,70,57,62,81,73,68
sekretaris,30,95,67,60,66,79,91,69,72,93,58,80,77,91,65,71
sekretaris,30,93,59,70,71,67,86,77,67,83,71,71,77,82,77,70
sekretaris,30,89,75,77,60,69,86,62,71,93,59,63,55,84,74,69
sekretaris,30,81,80,76,74,66,93,65,70,91,80,57,56,94,77,78
sekretaris,30,97,62,78,64,79,98,78,72,82,64,77,69,83,70,72
sekretaris,30,97,80,71,75,72,87,70,68,92,55,71,74,89,76,79
fotografer,31,86,65,63,60,69,96,76,77,66,68,86,68,79,68,77
fotografer,31,98,64,58,71,69,81,76,80,75,65,85,79,78,69,65
fotografer,31,93,65,58,65,67,90,64,63,69,67,82,70,68,62,60
fotografer,31,86,76,69,78,63,86,65,69,78,78,96,80,66,65,78
fotografer,31,96,62,78,61,69,88,70,62,76,77,98,76,68,63,79
fotografer,31,96,66,65,64,71,100,80,66,79,74,92,71,64,66,68
fotografer,31,84,58,76,72,64,92,62,74,71,78,83,77,74,66,76
fotografer,31,97,59,71,70,80,95,65,76,73,69,91,70,69,73,61
fotografer,31,87,74,63,69,75,83,68,75,68,74,91,74,63,76,64
fotografer,31,89,73,62,61,63,83,69,74,72,74,87,78,66,72,67
fotografer,31,94,65,58,61,65,95,70,79,77,77,94,77,64,79,60
fotografer,31,96,76,77,77,65,94,67,80,78,80,87,75,74,80,72
fotografer,31,100,77,79,60,75,85,72,79,69,74,87,70,75,76,60
fotografer,31,91,64,72,61,76,92,74,73,76,66,95,68,72,70,75
fotografer,31,96,72,80,71,80,99,70,67,74,74,82,67,71,72,75
binaragawan,32,79,95,60,70,70,77,67,72,80,68,69,63,73,78,92
binaragawan,32,66,96,80,76,64,64,71,69,72,68,67,72,70,69,89
binaragawan,32,68,89,60,66,77,70,72,63,75,75,70,63,65,78,85
binaragawan,32,66,99,65,73,79,73,80,75,80,74,56,61,76,79,89
binaragawan,32,65,81,64,75,73,77,77,76,75,68,58,70,67,77,99
binaragawan,32,75,88,63,74,60,63,69,61,68,75,65,79,64,61,82
binaragawan,32,66,95,79,80,65,77,65,63,68,72,63,60,73,79,95
binaragawan,32,73,92,69,74,80,63,67,79,80,67,59,75,73,60,87
binaragawan,32,80,96,59,71,70,67,71,65,78,69,71,80,61,79,83
binaragawan,32,75,84,71,68,66,78,67,61,72,76,77,73,64,72,87
binaragawan,32,69,93,60,72,73,67,77,66,76,72,64,80,70,61,85
binaragawan,32,70,86,78,79,70,68,61,69,69,78,73,74,61,65,84
binaragawan,32,72,86,77,76,80,78,66,67,67,71,62,68,64,62,98
binaragawan,32,70,95,73,73,68,73,79,64,70,75,77,62,77,74,97
binaragawan,32,78,86,74,74,72,66,75,68,73,71,61,61,77,77,91
dubber,33,94,75,62,66,78,74,69,78,78,75,97,77,92,76,64
dubber,33,95,64,69,74,80,78,65,74,76,68,88,62,97,73,67
dubber,33,94,64,77,55,76,71,75,69,72,71,81,72,82,60,60
dubber,33,88,65,75,79,73,80,77,61,71,69,94,67,83,63,70
dubber,33,99,75,71,60,62,79,63,72,66,79,89,70,91,72,80
dubber,33,89,55,58,54,67,72,67,64,66,68,91,70,91,60,68
dubber,33,87,73,72,54,60,65,75,80,78,71,81,64,95,69,80
dubber,33,88,75,60,78,79,79,78,63,80,65,88,71,99,69,78
dubber,33,84,55,74,73,80,79,71,78,72,75,90,75,83,69,70
dubber,33,81,65,79,77,68,75,62,72,78,80,83,72,98,80,68
dubber,33,97,69,79,78,65,72,76,61,80,79,85,61,88,72,78
dubber,33,87,61,69,70,62,61,66,74,75,80,83,72,90,71,70
dubber,33,84,60,59,65,78,71,61,65,69,72,84,78,81,61,78
dubber,33,97,66,76,62,66,61,80,80,67,66,87,65,86,67,80
dubber,33,87,79,69,52,64,80,65,74,79,65,88,74,84,75,61
terapis,34,65,97,70,68,65,83,77,79,71,76,71,67,97,72,73
terapis,34,74,81,57,79,70,91,70,64,76,80,67,74,94,60,80
terapis,34,68,95,59,65,75,81,75,72,69,68,66,72,92,64,62
terapis,34,72,92,75,74,79,91,71,61,79,76,64,63,96,73,79
terapis,34,79,81,73,70,71,89,64,69,66,76,68,63,83,69,66
terapis,34,65,87,55,72,62,97,64,73,77,70,74,64,97,66,77
terapis,34,73,90,76,78,60,90,79,78,67,68,71,76,86,71,75
terapis,34,70,94,72,68,61,84,62,72,65,67,79,71,81,79,68
terapis,34,79,94,56,66,80,88,64,62,73,66,76,66,92,61,71
terapis,34,69,100,76,65,72,91,72,62,66,74,72,72,96,74,69
terapis,34,74,85,70,71,66,90,68,78,67,75,61,73,83,75,60
terapis,34,76,83,70,77,67,88,73,66,68,65,68,62,81,60,71
terapis,34,71,86,67,83,63,94,75,74,73,67,75,70,83,66,74
terapis,34,78,96,65,84,60,87,61,77,68,78,64,61,92,63,64
terapis,34,79,89,80,67,68,87,75,80,65,74,69,66,94,77,71
advokat,35,81,61,71,65,70,99,75,80,98,71,72,77,100,72,67
advokat,35,91,72,80,70,67,88,71,78,84,72,68,78,96,72,73
advokat,35,81,67,60,74,80,95,63,69,94,71,76,72,94,76,76
advokat,35,85,56,59,79,66,85,76,67,93,71,72,68,100,65,74
advokat,35,89,60,73,76,70,99,60,61,90,70,68,61,92,60,64
advokat,35,90,66,78,81,76,99,64,64,90,71,69,72,99,80,78
advokat,35,84,64,77,75,73,99,78,67,85,69,78,60,95,75,68
advokat,35,93,65,70,74,66,91,66,77,88,68,79,71,83,61,60
advokat,35,94,65,75,74,70,91,67,70,87,70,73,77,93,79,66
advokat,35,92,59,74,68,66,85,73,60,85,76,67,77,99,78,67
advokat,35,83,70,60,69,77,92,77,63,84,69,67,79,94,77,61
advokat,35,84,61,65,73,66,81,61,77,88,67,68,62,97,73,75
advokat,35,87,64,60,77,70,88,67,62,86,72,80,78,83,65,77
advokat,35,82,75,74,65,69,93,76,73,83,77,73,79,91,63,78
advokat,35,90,73,69,83,61,89,75,73,95,72,73,73,88,65,60
arkeolog,36,70,62,81,75,73,63,66,81,73,65,79,77,76,62,97
arkeolog,36,67,66,83,79,74,61,61,99,64,69,75,60,65,76,94
arkeolog,36,72,63,85,84,67,60,66,99,60,65,73,64,76,72,98
arkeolog,36,74,65,82,72,76,71,79,87,75,65,69,66,71,65,88
arkeolog,36,74,60,89,73,65,80,65,93,64,72,68,63,70,70,97
arkeolog,36,80,65,96,78,63,79,68,100,76,78,72,62,61,80,82
arkeolog,36,78,71,93,65,64,71,64,90,82,66,69,68,73,79,92
arkeolog,36,73,71,94,79,75,65,72,94,78,69,75,69,78,76,87
arkeolog,36,65,78,91,66,60,78,70,91,69,73,75,70,72,76,89
arkeolog,36,65,68,85,69,68,62,66,90,69,70,71,70,73,63,94
arkeolog,36,61,65,89,79,63,70,78,99,60,76,75,68,63,80,97
arkeolog,36,71,80,88,79,73,70,62,95,73,72,80,75,65,73,94
arkeolog,36,65,73,92,83,69,72,63,88,75,79,79,60,69,78,85
arkeolog,36,66,71,89,80,66,72,67,100,76,77,79,74,70,60,82
arkeolog,36,64,65,86,84,60,66,75,87,62,66,75,72,61,60,81
animator,37,70,80,69,79,71,78,72,79,64,62,95,84,74,65,78
animator,37,79,67,78,75,70,80,62,77,81,69,93,90,67,79,79
animator,37,64,63,60,71,79,71,78,64,76,64,85,88,60,74,68
animator,37,60,71,67,83,75,66,60,71,80,61,93,95,76,66,77
animator,37,68,69,61,84,63,72,69,67,75,72,95,94,68,63,68
animator,37,66,72,78,68,69,71,66,72,60,76,97,97,65,73,65
animator,37,76,76,62,83,64,73,72,75,75,77,92,90,66,65,75
animator,37,69,80,70,66,70,60,62,70,66,78,83,100,66,69,80
animator,37,60,64,79,66,74,64,80,73,69,61,99,94,72,78,79
animator,37,65,78,65,79,66,71,73,75,83,76,90,99,63,78,73
animator,37,62,62,78,80,76,76,70,80,65,73,97,81,67,60,80
animator,37,67,66,60,65,79,71,73,63,64,79,90,87,74,72,71
animator,37,67,79,70,82,78,73,77,66,62,61,99,96,74,62,72
animator,37,63,79,71,65,77,65,78,77,73,78,95,82,80,75,61
animator,37,63,62,78,77,75,64,80,76,62,75,88,95,65,80,65